,train_roc,train_prc,train_precision,train_recall,train_loss,valid_roc,valid_prc,valid_precision,valid_recall,valid_loss
0,[0.6837200879906205],[0.7722744952527663],[0.6728538283062645],[0.878566018682151],0.68370897,[0.7048379921937779],[0.7582814671561833],[0.6877897990726429],[0.8971774193548387],0.683616
1,[0.8178345728374958],[0.8394953781990051],[0.7871308016877637],[0.9419338550870993],0.5310362,[0.8492279876018827],[0.8793508178514828],[0.8033613445378152],[0.9637096774193549],0.50809014
2,[0.8409892591246678],[0.8641840252380154],[0.8026741427647186],[0.9396617015905074],0.49262923,[0.8666054413959361],[0.8918237237572494],[0.8107638888888888],[0.9415322580645161],0.47777826
3,[0.8551801054511401],[0.8759426429077122],[0.8415937803692906],[0.87452663468821],0.4648451,[0.8797640913787167],[0.9012962377234535],[0.847036328871893],[0.8931451612903226],0.43479374
4,[0.8647686559579515],[0.8883503108019241],[0.8470185728250245],[0.8750315576874527],0.4521912,[0.8856044082194926],[0.9067607737337336],[0.8549618320610687],[0.9032258064516129],0.4252349
5,[0.8703850558928246],[0.8980231313348531],[0.8619703665193658],[0.8371623327442566],0.44923905,[0.8860277235679026],[0.9098893724506856],[0.8655804480651731],[0.8568548387096774],0.41688174
6,[0.8794918229031323],[0.9111700971922413],[0.8555057299451918],[0.8669527896995708],0.43131757,[0.8896868901389048],[0.9154913487288321],[0.859344894026975],[0.8991935483870968],0.40983683
7,[0.8821281014077221],[0.914659979700685],[0.8281391147244805],[0.9257763191113355],0.4340209,[0.8892277006084262],[0.9170496976630629],[0.8387096774193549],[0.9435483870967742],0.4276985
8,[0.886673024707274],[0.9181135263444777],[0.8935338345864662],[0.7500631153749053],0.45526785,[0.8959074733096085],[0.9235716119601867],[0.8926014319809069],[0.7540322580645161],0.42328048
9,[0.889430043232211],[0.9218669238236574],[0.8634639696586599],[0.8621560212067659],0.41824016,[0.8962518654574675],[0.9224204766754678],[0.8686274509803922],[0.8931451612903226],0.39799753
10,[0.8912734716078302],[0.9233606220075784],[0.8551758052618638],[0.8780610956829084],0.41298875,[0.8936473998392837],[0.9204130260026122],[0.8568702290076335],[0.905241935483871],0.3980365
11,[0.8923461808558883],[0.9230418861327523],[0.895926256318763],[0.7606664983590002],0.44058937,[0.8994661921708184],[0.927345541638313],[0.8918269230769231],[0.7479838709677419],0.4123137
12,[0.8912294337164182],[0.9214985373274367],[0.8989409984871407],[0.7500631153749053],0.4479057,[0.9004276202502584],[0.9273026700494098],[0.8932038834951457],[0.7419354838709677],0.4181403
13,[0.8952887075977016],[0.9261324919744646],[0.8658106747230614],[0.8682150971976773],0.4087807,[0.9037208701641603],[0.9301429951149398],[0.8667953667953668],[0.905241935483871],0.39459893
14,[0.8958091503118566],[0.9266385987904859],[0.8698770491803278],[0.8573592527139611],0.40624323,[0.9006859143611525],[0.9279635282104337],[0.8687872763419483],[0.8810483870967742],0.39353597
15,[0.8965715212895191],[0.9282523328607235],[0.8414945462984451],[0.9154253976268619],0.40545928,[0.898655435656067],[0.9261683234570754],[0.8514492753623188],[0.9475806451612904],0.4030381
16,[0.9006385270143329],[0.9317633658059298],[0.836140191169777],[0.9275435496086847],0.40499797,[0.9023361267363106],[0.9298823740512514],[0.8449197860962567],[0.9556451612903226],0.40314865
17,[0.9019467773508083],[0.9322482574661503],[0.8689567430025446],[0.8621560212067659],0.39476788,[0.9033980025255425],[0.9311452682140797],[0.8662674650698603],[0.875],0.3831967
18,[0.9032379391925244],[0.9332519046529041],[0.893325886623848],[0.8076243372885635],0.41321138,[0.9038213178739525],[0.9311776328039942],[0.8841870824053452],[0.8004032258064516],0.39913183
19,[0.9026902669424581],[0.9328017906414954],[0.8885209713024282],[0.8129260287806109],0.40642795,[0.905507404431179],[0.9325667452593556],[0.8847826086956522],[0.8205645161290323],0.38886654
20,[0.8995241330446331],[0.9297822144919761],[0.8968531468531469],[0.7770764958343852],0.42485425,[0.9054069567213867],[0.9331239431786625],[0.8894009216589862],[0.7782258064516129],0.39918536
21,[0.9060910454830737],[0.9359710078362353],[0.8484279680900986],[0.9129007826306488],0.39058533,[0.909331592239697],[0.9369363058845444],[0.8576642335766423],[0.9475806451612904],0.38677233
22,[0.9076011081412615],[0.9373404086231838],[0.8733724789379628],[0.8636707902044938],0.38414988,[0.9114912180002297],[0.9382202198269988],[0.8800813008130082],[0.8729838709677419],0.36997256
23,[0.9062643396282866],[0.9366134716931337],[0.8351424694708277],[0.9323403181014895],0.39605772,[0.9081046952129492],[0.93647200595363],[0.8482142857142857],[0.9576612903225806],0.39651662
24,[0.9106712103013255],[0.940126052377642],[0.855062082139446],[0.904064630143903],0.37927333,[0.9098697049707267],[0.9378494084129992],[0.8576779026217228],[0.9233870967741935],0.37764603
25,[0.9117458244963403],[0.9408409362186299],[0.8688075678366941],[0.881090633678364],0.37582412,[0.9128329124095971],[0.9402993732496148],[0.8701550387596899],[0.905241935483871],0.36629462
26,[0.9130699867426897],[0.9423300870972896],[0.8506797937177684],[0.9161827821257258],0.3832002,[0.9099845023533464],[0.938661005394912],[0.8558225508317929],[0.9334677419354839],0.3880881
27,[0.9116652564456401],[0.9410512622192485],[0.8574508864398659],[0.9035597071446604],0.3762328,[0.9121728274595339],[0.9402317789130483],[0.8671726755218216],[0.9213709677419355],0.37127757
28,[0.9133459799400121],[0.9424698439496664],[0.8782675550999487],[0.8651855592022216],0.3741984,[0.9161189874870853],[0.9433153229612836],[0.8792756539235412],[0.8810483870967742],0.36139253
29,[0.9136954816787246],[0.942489386459207],[0.8850393700787401],[0.8513001767230497],0.37586626,[0.9170445413844563],[0.945008860379844],[0.8840579710144928],[0.8608870967741935],0.3613065
30,[0.9149080364445488],[0.9438125143701889],[0.8837753510140406],[0.858116637212825],0.374591,[0.9175109057513489],[0.9456289270006366],[0.8811475409836066],[0.8669354838709677],0.36421764
31,[0.9160190687431484],[0.9448814227216166],[0.8723563075391888],[0.8851300176723049],0.36918852,[0.9186947537596142],[0.9460998356263779],[0.8745098039215686],[0.8991935483870968],0.36113858
32,[0.9129347355087603],[0.9428078973700854],[0.8633932912007778],[0.8967432466548851],0.37339967,[0.9171952129491447],[0.9444053368905764],[0.8666666666666667],[0.9173387096774194],0.3609324
33,[0.9126177299240161],[0.9419307658337631],[0.9166168559473998],[0.7742994193385508],0.4076791,[0.9175611296062449],[0.945602732241384],[0.9033816425120773],[0.7540322580645161],0.38220516
34,[0.9129491906944909],[0.9419683109416099],[0.9361556845339707],[0.6922494319616258],0.45054922,[0.9161118126506717],[0.9436563094638785],[0.9385474860335196],[0.6774193548387096],0.4220854
35,[0.9185892343827685],[0.946822856477834],[0.8964497041420119],[0.8414541782378188],0.3727406,[0.9197638043852601],[0.9472589207449624],[0.8898305084745762],[0.8467741935483871],0.36342603
36,[0.9184023814974518],[0.9464437915103633],[0.8884585592563904],[0.86872002019692],0.36896607,[0.9181135920101021],[0.9456730037514343],[0.875751503006012],[0.8810483870967742],0.35929114
37,[0.9205188896221066],[0.9482500063071608],[0.865449303219606],[0.9093663216359505],0.36104527,[0.9184149351394789],[0.9471778036542268],[0.8630393996247655],[0.9274193548387096],0.36517233
38,[0.9158258847105931],[0.9449469172872428],[0.835315234462643],[0.9399141630901288],0.38696116,[0.9134068993226955],[0.9425187536200459],[0.8509874326750448],[0.9556451612903226],0.39953217
39,[0.9209077789405424],[0.948756494858036],[0.8975039830058418],[0.8533198687200202],0.36338833,[0.921227471013661],[0.9489483684639088],[0.8872651356993737],[0.8568548387096774],0.3531555
40,[0.9196520267010813],[0.9478201011081233],[0.8505693702068324],[0.9240090886139863],0.367646,[0.9167360234186659],[0.9455305420017281],[0.8571428571428571],[0.9435483870967742],0.37441558
41,[0.9215887974775814],[0.9495198775782596],[0.9008597528210639],[0.8465034082302448],0.3628865,[0.922526116404546],[0.9499861262428185],[0.8928571428571429],[0.8568548387096774],0.3515858
42,[0.9217717844411327],[0.9491844503811295],[0.8592313133694883],[0.9199697046200455],0.36235264,[0.9221601997474458],[0.9494836931262243],[0.8589981447124304],[0.9334677419354839],0.3657424
43,[0.9214443016481266],[0.9494674559691834],[0.8882910581603894],[0.875284019187074],0.3595324,[0.924276776489496],[0.9512438939400853],[0.8822355289421158],[0.8911290322580645],0.34746906
44,[0.923806267790944],[0.9510291587989409],[0.902803738317757],[0.8535723302196415],0.35652497,[0.9214570657789003],[0.9500270520108736],[0.8865546218487395],[0.8508064516129032],0.35277078
45,[0.9212630515479767],[0.9491444411816673],[0.9066959385290889],[0.8341327947488008],0.36941388,[0.922231948111583],[0.9506334546619692],[0.8900862068965517],[0.8326612903225806],0.35353264
46,[0.9236198071005889],[0.9509933969314279],[0.8877576991600916],[0.8805857106791214],0.35111526,[0.9224543680404086],[0.9507066133282783],[0.878],[0.8850806451612904],0.34986776
47,[0.924522639902386],[0.9515548471468394],[0.8768277571251549],[0.8932087856601868],0.34994772,[0.9204956376994604],[0.9492863982114433],[0.864244741873805],[0.9112903225806451],0.35402232
48,[0.9247550434311098],[0.9516504254873537],[0.8779527559055118],[0.900782630648826],0.34990042,[0.9225978647686832],[0.9510909417420763],[0.8628571428571429],[0.9133064516129032],0.35491824
49,[0.9251706580347918],[0.9517381985183674],[0.8969445882962196],[0.87452663468821],0.34818676,[0.9240758810699116],[0.9523757717777304],[0.874251497005988],[0.8830645161290323],0.34571236
50,[0.9229100462756438],[0.9508728221236461],[0.8926803855170617],[0.8651855592022216],0.35426804,[0.92555389737114],[0.9535752625347643],[0.8877551020408163],[0.8770161290322581],0.3426111
51,[0.9252431580748518],[0.9520447106532821],[0.9094934957099363],[0.8295884877556172],0.35985258,[0.9235449431752955],[0.9511904761900248],[0.8995633187772926],[0.8306451612903226],0.3546899
52,[0.9251511603424108],[0.9514695847471495],[0.8766552231486022],[0.9025498611461752],0.3501244,[0.921277694868557],[0.9498947096787693],[0.8603773584905661],[0.9193548387096774],0.35845387
53,[0.921437298166668],[0.9498094914048325],[0.8448354661791591],[0.9333501640999747],0.37436444,[0.9181996900470668],[0.9471137493384565],[0.8525179856115108],[0.9556451612903226],0.38919067
54,[0.9262877973692234],[0.9531940863156602],[0.9242690058479532],[0.7980308003029538],0.3711312,[0.925396050970038],[0.9534854738408238],[0.9097222222222222],[0.7923387096774194],0.35726714
55,[0.9259835101068081],[0.9527171648700454],[0.8996567203591234],[0.8601363292097955],0.34864694,[0.9248292388933533],[0.9523064543549842],[0.8909465020576132],[0.8729838709677419],0.34289852
56,[0.9266593180536418],[0.9533969197826959],[0.8996848739495799],[0.8649330977026004],0.3463181,[0.9260991849385833],[0.9535413573646345],[0.893970893970894],[0.8669354838709677],0.34065408
57,[0.9272717024723859],[0.9536141604688073],[0.904774678111588],[0.851552638222671],0.35074848,[0.9249296866031455],[0.9532087820325723],[0.8822314049586777],[0.8608870967741935],0.3472811
58,[0.9200863546072207],[0.9482866167957014],[0.8383112508421289],[0.9424387780863418],0.38656366,[0.9139737113993801],[0.943040029607505],[0.8377425044091711],[0.9576612903225806],0.41440558
59,[0.9288624452369771],[0.9547677953269044],[0.9088954582101586],[0.8538247917192628],0.3460046,[0.9247144415107335],[0.9533151251683577],[0.8888888888888888],[0.8548387096774194],0.34561363
60,[0.9284029047975864],[0.9546648717111067],[0.9190883190883191],[0.8144407977783388],0.35860622,[0.9266085983239581],[0.9539786867504336],[0.9076576576576577],[0.8125],0.34711576
61,[0.928792858645204],[0.9550158912524385],[0.9214958606908364],[0.8149457207775814],0.35866034,[0.9244059235449431],[0.9528648895303873],[0.9095022624434389],[0.8104838709677419],0.35088578
62,[0.9276130241447545],[0.9539904019328982],[0.9238814642649622],[0.8028275687957587],0.3677653,[0.922260647457238],[0.9508388741417269],[0.910958904109589],[0.8044354838709677],0.3582371
63,[0.9291626424662205],[0.955241917959016],[0.8791962754226905],[0.9058318606412522],0.34071922,[0.9271323613821604],[0.954987556591887],[0.8671726755218216],[0.9213709677419355],0.3483472
64,[0.9293643427322297],[0.9552473761092439],[0.8958333333333334],[0.8793234031810149],0.34210956,[0.9275126277120882],[0.95478938274552],[0.8875502008032129],[0.8911290322580645],0.34433833
65,[0.929789370014992],[0.9556759043612848],[0.8889168765743073],[0.8909366321635951],0.33830014,[0.9244776719090804],[0.9533936369241764],[0.874274661508704],[0.9112903225806451],0.34827352
66,[0.929644369934872],[0.955498610325609],[0.883495145631068],[0.8959858621560212],0.33819604,[0.9269458156354036],[0.9539943358454046],[0.872093023255814],[0.907258064516129],0.34238195
67,[0.9254569043289697],[0.9522592803167608],[0.8965873836608066],[0.8755364806866953],0.3505094,[0.924542245436804],[0.9540537500285984],[0.8828282828282829],[0.8810483870967742],0.3509449
68,[0.9274471817038137],[0.9538402138464361],[0.9362637362637363],[0.7528401918707397],0.39269555,[0.9237673631041212],[0.9520258430525386],[0.9262899262899262],[0.7600806451612904],0.37623847
69,[0.9295508034225846],[0.9555285056037272],[0.8747880842819085],[0.9118909366321636],0.3398442,[0.9291771897600735],[0.9567812823843757],[0.8685714285714285],[0.9193548387096774],0.3450474
70,[0.93108764739387],[0.9567262147598562],[0.9077127659574468],[0.8616510982075234],0.34088507,[0.9283305590632533],[0.95539020076946],[0.8944099378881988],[0.8709677419354839],0.33575803
71,[0.9312217780707662],[0.9567391303086673],[0.8956100051046453],[0.8858874021711689],0.3370781,[0.9266229479967856],[0.9549168063271158],[0.8764940239043825],[0.8870967741935484],0.3443426
72,[0.9292220880168416],[0.9552890454461771],[0.8735968765251342],[0.9038121686442817],0.34259814,[0.9259341637010676],[0.9535980146896457],[0.869980879541109],[0.9173387096774194],0.35091627
73,[0.9306555606017974],[0.9562462716122078],[0.8579387186629527],[0.9330977026003534],0.34915328,[0.924779015038457],[0.9529344627826957],[0.8568840579710145],[0.9536290322580645],0.36931124
74,[0.9304776161448962],[0.9563640066542873],[0.8912547528517111],[0.8876546326685181],0.33574206,[0.9283592584089082],[0.9555397469354558],[0.8807157057654076],[0.8931451612903226],0.33857533
75,[0.9320041509914743],[0.9573355377097462],[0.9140369967355821],[0.848270638727594],0.33960277,[0.9287969234301457],[0.9563207529239848],[0.8980891719745223],[0.8528225806451613],0.337744
76,[0.9309450004835205],[0.9566920529021624],[0.9092612419700214],[0.8576117142135824],0.341338,[0.9261996326483756],[0.9537097163145455],[0.8898128898128899],[0.8629032258064516],0.33959305
77,[0.9324272733272801],[0.9577699772983104],[0.9014230271668823],[0.8795758646806362],0.3334927,[0.9290408678682126],[0.9564957302332131],[0.878727634194831],[0.8911290322580645],0.33588564
78,[0.9281532446905487],[0.9545737479591725],[0.8394536497984774],[0.9464781620802828],0.3791651,[0.9222319481115829],[0.9512795242927091],[0.8380281690140845],[0.9596774193548387],0.41205615
79,[0.9325285156552463],[0.9577188346068999],[0.8939661701590508],[0.8939661701590508],0.3321392,[0.9278641946963609],[0.9552234044937337],[0.8786692759295499],[0.905241935483871],0.33961952
80,[0.9323082701703348],[0.9576140126885653],[0.8997416020671835],[0.8790709416813935],0.33225515,[0.9277924463322236],[0.95517261647024],[0.8815261044176707],[0.8850806451612904],0.33717668
81,[0.9312854257102623],[0.9565590752907929],[0.851716247139588],[0.9396617015905074],0.35560992,[0.923293823900815],[0.9520911612089937],[0.8494623655913979],[0.9556451612903226],0.38585737
82,[0.93212517115108],[0.9573704656147153],[0.8694927363658014],[0.9217369351173946],0.3419166,[0.9250301343129377],[0.9537172857362547],[0.861878453038674],[0.9435483870967742],0.3642704
83,[0.9330837516652879],[0.958050408592616],[0.8642672312397083],[0.9275435496086847],0.34085962,[0.9292848123062794],[0.9562391998709541],[0.8623853211009175],[0.9475806451612904],0.35821766
84,[0.9328385177585318],[0.9582753772234262],[0.9083908656399363],[0.8636707902044938],0.33335906,[0.9302390655493055],[0.9570561581355848],[0.8948453608247423],[0.875],0.33064082
85,[0.9331569800674193],[0.9580778469310421],[0.9138911454102355],[0.8520575612219137],0.3355696,[0.9272041097462979],[0.9546272342309239],[0.8919491525423728],[0.8487903225806451],0.33735058
86,[0.9337962578549648],[0.9584638769036473],[0.8963492468726066],[0.8863923251704116],0.32791954,[0.9273189071289175],[0.9550765378601909],[0.8779527559055118],[0.8991935483870968],0.34007126
87,[0.9332541883900654],[0.9583181682959656],[0.8924595141700404],[0.8904317091643524],0.32902467,[0.9298659740557915],[0.9567037222985896],[0.883399209486166],[0.9012096774193549],0.33610743
88,[0.9325510948794689],[0.9577346125446047],[0.8646103131622321],[0.927038626609442],0.34176937,[0.9270175639995407],[0.9543409304217714],[0.861878453038674],[0.9435483870967742],0.3640452
89,[0.934390825416878],[0.959194013954138],[0.900640204865557],[0.8879070941681394],0.3289577,[0.9267449202158192],[0.9556105088380284],[0.8767123287671232],[0.9032258064516129],0.3442822
90,[0.9341425099782803],[0.958891048034998],[0.9014626635873749],[0.8868972481696541],0.32878906,[0.9275126277120882],[0.9551282698382522],[0.8754863813229572],[0.907258064516129],0.33736098
91,[0.9356746476100255],[0.9601412128195616],[0.9152909336941814],[0.8538247917192628],0.3331694,[0.9279574675697394],[0.9561345648484167],[0.8949579831932774],[0.8588709677419355],0.33856457
92,[0.9352807718127913],[0.9597366749039946],[0.8863412228796844],[0.9075990911386014],0.32954025,[0.9302821145677878],[0.9570568013768717],[0.874031007751938],[0.9092741935483871],0.3407979
93,[0.9334745459306804],[0.9585286038694044],[0.8806804374240583],[0.9149204746276193],0.33280787,[0.9283305590632532],[0.9552243267866192],[0.8726235741444867],[0.9254032258064516],0.3451151
94,[0.9350431016660106],[0.9596912760183289],[0.9003576903423608],[0.8896743246654885],0.32648227,[0.9283233842268396],[0.9560589514042077],[0.8803921568627451],[0.905241935483871],0.3381065
95,[0.9353468846777607],[0.9598342341326381],[0.9137977048305311],[0.8644281747033578],0.32723734,[0.9286247273562163],[0.9562813735899625],[0.8893528183716075],[0.8588709677419355],0.33502528
96,[0.9315774428731619],[0.9572424829040779],[0.9150040994807325],[0.8452411007321383],0.34135076,[0.9253530019515555],[0.9545691689688602],[0.8905263157894737],[0.8528225806451613],0.34479126
97,[0.925844673090372],[0.9532126154116705],[0.935064935064935],[0.7452663468821005],0.40940753,[0.9243198255079783],[0.9532933499073057],[0.925],[0.7459677419354839],0.38614905
98,[0.9243315289003424],[0.9522215056766721],[0.7915309446254072],[0.9815703105276445],0.4751897,[0.9103575938468604],[0.9424440790576962],[0.784219001610306],[0.9818548387096774],0.5431249
99,[0.9333583441663185],[0.9586354301705778],[0.9176081565169468],[0.8406967937389548],0.33936837,[0.9292345884513832],[0.9563187890386008],[0.896551724137931],[0.8387096774193549],0.3357193
100,[0.9365523239064232],[0.9606231119223662],[0.9221974344673731],[0.8348901792476647],0.33277717,[0.9278928940420159],[0.9553060788598018],[0.9008810572687225],[0.8245967741935484],0.3369258
101,[0.9343126665637996],[0.959291633083422],[0.9166212534059945],[0.8492804847260793],0.33422154,[0.9291054413959361],[0.9558682562517548],[0.8997867803837953],[0.8508064516129032],0.33585045
102,[0.9364260371287607],[0.9606881593434038],[0.9158828271969901],[0.8603887907094168],0.32701617,[0.9306336815520606],[0.9578123940170399],[0.8941908713692946],[0.8689516129032258],0.33158368
103,[0.9359355132873971],[0.9602456716950457],[0.8990129081245254],[0.8967432466548851],0.32282317,[0.9285529789920791],[0.9557182013801436],[0.880859375],[0.9092741935483871],0.33805937
104,[0.9346643533887269],[0.9593262401750184],[0.8846718903036239],[0.9121433981317849],0.32953623,[0.9287180002295947],[0.9564324912979099],[0.8731060606060606],[0.9294354838709677],0.34580776
105,[0.937695684275436],[0.9613222866171307],[0.8890801770782095],[0.9126483211310276],0.32320637,[0.9295215819079323],[0.9568955568311079],[0.8793103448275862],[0.9254032258064516],0.34417048
106,[0.9372305410508787],[0.9612989386749844],[0.9213793103448276],[0.8432214087351679],0.33087173,[0.9307628286075078],[0.957635754990586],[0.9002123142250531],[0.8548387096774194],0.33009443
107,[0.9367905543317206],[0.960808836919586],[0.8924382330920888],[0.9028023226457965],0.3215853,[0.9295215819079325],[0.9570584474227495],[0.8817829457364341],[0.9173387096774194],0.33970022
108,[0.9356671959057536],[0.9600020691972169],[0.8951329653788259],[0.900782630648826],0.3254955,[0.9267807943978875],[0.9536940427308236],[0.8815533980582524],[0.9153225806451613],0.3394913
109,[0.9383459995497602],[0.9618468775351419],[0.9163303739574926],[0.8598838677101742],0.32230633,[0.9292848123062792],[0.956386735184984],[0.8895833333333333],[0.8608870967741935],0.33107182
110,[0.9392637917879529],[0.9625395627204546],[0.9063709053391797],[0.8871497096692754],0.31954095,[0.9304686603145448],[0.9574452990438664],[0.882703777335984],[0.8951612903225806],0.33218083
111,[0.9381004294758942],[0.9616708707801289],[0.8949464774707493],[0.9075990911386014],0.3198294,[0.9281224888072552],[0.9554130624398562],[0.8778625954198473],[0.9274193548387096],0.3456045
112,[0.9391993037306817],[0.9623945300429819],[0.8976872800402212],[0.90154001514769],0.31745726,[0.9300022959476523],[0.9568092539221278],[0.8796116504854369],[0.9133064516129032],0.33581388
113,[0.9395411296537153],[0.9627684184340489],[0.9049576162342666],[0.8894218631658672],0.31418642,[0.9311574446102628],[0.9579315738497572],[0.8882235528942116],[0.8971774193548387],0.33073914
114,[0.9385233277002931],[0.962088861047794],[0.9146995708154506],[0.8608937137086594],0.32093164,[0.9306336815520606],[0.9573231231347958],[0.8956158663883089],[0.8649193548387096],0.32912123
115,[0.9388788804469858],[0.9624167125406135],[0.8947499377954715],[0.9078515526382227],0.31714,[0.9308632763172999],[0.957201870437424],[0.8812260536398467],[0.9274193548387096],0.3339374
116,[0.939822165357688],[0.9628208721395013],[0.9091852620653866],[0.8846250946730624],0.31512266,[0.9288901963035243],[0.956283618100243],[0.8873239436619719],[0.8891129032258065],0.33392906
117,[0.9358958455684155],[0.9600038143763614],[0.8813886210221794],[0.9229992426155011],0.32851017,[0.9257691424635519],[0.9538988578724379],[0.8677839851024208],[0.9395161290322581],0.35862732
118,[0.9376486208800339],[0.961627360959039],[0.8971443012383119],[0.8962383236556425],0.31886652,[0.931415738721157],[0.9574148901033185],[0.8862745098039215],[0.9112903225806451],0.33099666
119,[0.9387253641334122],[0.9624253874289591],[0.9041591320072333],[0.8836152486745771],0.31723863,[0.9341063023763059],[0.9601415800465727],[0.888],[0.8951612903225806],0.32348177
120,[0.9404605466996065],[0.9632743191808232],[0.9156498673740053],[0.8714970966927543],0.31601098,[0.9292561129606245],[0.956386858498192],[0.8913934426229508],[0.8770161290322581],0.3311396
121,[0.9397185138321],[0.9628267933875577],[0.9239311493614658],[0.8401918707397122],0.32641304,[0.931100045918953],[0.9573987892206892],[0.9030172413793104],[0.844758064516129],0.33018824
122,[0.9387430689345397],[0.9622289706043397],[0.9214830970556162],[0.8533198687200202],0.32393113,[0.9300955688210308],[0.9569934731604953],[0.8947368421052632],[0.8568548387096774],0.33221766
123,[0.9379571102313244],[0.9617275218563945],[0.8748204882719004],[0.9227467811158798],0.3267538,[0.9301386178395132],[0.9556999051794562],[0.8731343283582089],[0.9435483870967742],0.35297877
124,[0.9390455072778497],[0.9627773555451337],[0.9062176165803109],[0.8831103256753345],0.31628507,[0.933754735392033],[0.9593265053959776],[0.8955823293172691],[0.8991935483870968],0.3242826
125,[0.9399348933952464],[0.9630081607427292],[0.9246651785714286],[0.8366574097450139],0.3252011,[0.9305260590058547],[0.9575992093819276],[0.8989247311827957],[0.842741935483871],0.33141628
126,[0.9333337479394357],[0.9589215467382184],[0.9223576083876452],[0.8217621812673567],0.3475776,[0.9302892894042016],[0.9576454785041645],[0.9094922737306843],[0.8306451612903226],0.33923778
127,[0.938760437568557],[0.961954805467923],[0.9],[0.9065892451401162],0.3207929,[0.9247933647112845],[0.9543251740481058],[0.8738049713193117],[0.9213709677419355],0.3507672
128,[0.9392510174377723],[0.9624855009243884],[0.8829658347467895],[0.9199697046200455],0.3238979,[0.9230498794627481],[0.9527753863549702],[0.8579439252336448],[0.9254032258064516],0.36673784
129,[0.9405929965409525],[0.9634780501147097],[0.9091381100726895],[0.8841201716738197],0.3127419,[0.9320327746527379],[0.9575776516705484],[0.8895582329317269],[0.8931451612903226],0.32621974
130,[0.9404320845509587],[0.9633407425930138],[0.9034236075625958],[0.8927038626609443],0.31202954,[0.9307700034439215],[0.9568356103721077],[0.8864541832669323],[0.8971774193548387],0.33227885
131,[0.9416235728445552],[0.9641735489340738],[0.8907211420132907],[0.9136581671295128],0.31086418,[0.9320184249799105],[0.957449589585966],[0.8848368522072937],[0.9294354838709677],0.3367181
132,[0.9421101187084504],[0.9642840159601812],[0.8881851400730816],[0.9204746276192881],0.3126863,[0.9293996096888991],[0.9556518819806075],[0.8790170132325141],[0.9375],0.34696764
133,[0.9400478455442116],[0.9630140674906262],[0.9387875220718069],[0.8053521837919717],0.34112197,[0.9309206750086098],[0.9570913901154425],[0.9176201372997712],[0.8084677419354839],0.34103554
134,[0.9412521081879887],[0.9637555202820993],[0.8804713804713805],[0.9242615501136077],0.31610778,[0.9310354723912295],[0.9570952077205539],[0.8780487804878049],[0.9435483870967742],0.34604305
135,[0.9381635168368736],[0.9613225402496037],[0.8444048149799376],[0.9563241605655137],0.3553922,[0.9259126391918264],[0.9522800689443727],[0.8400702987697716],[0.9637096774193549],0.4057923
136,[0.9412599520872225],[0.9641116245774585],[0.9155861338978566],[0.8735167886897248],0.31461576,[0.9328865801859717],[0.958531321626692],[0.8927125506072875],[0.8891129032258065],0.32445225
137,[0.9432716881292558],[0.965244425734338],[0.9062659195109526],[0.898258015652613],0.30668956,[0.9337403857192056],[0.9596828106104252],[0.8858267716535433],[0.907258064516129],0.32555604
138,[0.9418612429913359],[0.9643811680984157],[0.9246987951807228],[0.8525624842211563],0.31625542,[0.933302720697968],[0.9596112648638204],[0.9043478260869565],[0.8387096774193549],0.3237058
139,[0.9429230828361703],[0.9650865560320356],[0.8795585412667947],[0.9255238576117142],0.31623518,[0.9306049822064055],[0.9569897560643703],[0.8754716981132076],[0.9354838709677419],0.35112917
140,[0.9427775224775338],[0.9651713498265764],[0.9387162358408365],[0.8159555667760666],0.32928756,[0.9338695327746527],[0.9599018951406191],[0.918918918918919],[0.8225806451612904],0.33084762
141,[0.9432166687789167],[0.9653115332371497],[0.9094639651192613],[0.8952284776571573],0.30829853,[0.9332022729881758],[0.9587796290379835],[0.8944223107569721],[0.905241935483871],0.32686543
142,[0.9433853686402925],[0.9653765367334921],[0.9093250901597115],[0.8911890936632164],0.30590293,[0.9337977844105154],[0.9589474568910712],[0.8967611336032388],[0.8931451612903226],0.3241502
143,[0.9433643581959167],[0.9654778044517752],[0.9227272727272727],[0.871244635193133],0.30937707,[0.9336542876822408],[0.9590432993848473],[0.9016736401673641],[0.8689516129032258],0.32285848
144,[0.9390390080470563],[0.9621671590085387],[0.8432156340217632],[0.9585963140621055],0.3603331,[0.9259987372287912],[0.9529147749438374],[0.8327526132404182],[0.9637096774193549],0.41591972
145,[0.943260650642477],[0.9652382116203557],[0.8924704724409449],[0.9156778591264833],0.30653152,[0.9332740213523131],[0.9586903197480042],[0.88],[0.9314516129032258],0.33498123
146,[0.9440046444847918],[0.9659344033285693],[0.9226014512227896],[0.8667003281999495],0.3114467,[0.9318964527608771],[0.9590982035944445],[0.8977035490605428],[0.8669354838709677],0.32971844
147,[0.9413140749919346],[0.9641501229753677],[0.9168221807517996],[0.8682150971976773],0.31371877,[0.9326785099299736],[0.9588307448299876],[0.8981288981288982],[0.8709677419354839],0.32432172
148,[0.9448769981352811],[0.9662863848913839],[0.9155810317873893],[0.8871497096692754],0.30380014,[0.9323125932728733],[0.9585364666299931],[0.8951612903225806],[0.8951612903225806],0.32664835
149,[0.9415061384674568],[0.9642169821973985],[0.9135477069056405],[0.8750315576874527],0.31289226,[0.9308274021352314],[0.957569242204614],[0.8940936863543788],[0.8850806451612904],0.33102497
150,[0.9344848961798307],[0.9597521560086439],[0.927071178529755],[0.802322645796516],0.35972318,[0.932348467454942],[0.9581278708114896],[0.9178082191780822],[0.8104838709677419],0.34444186
151,[0.9455641237081519],[0.9669033241202811],[0.9229949373834266],[0.87452663468821],0.30502522,[0.9346946389622317],[0.9602323497501387],[0.9002079002079002],[0.8729838709677419],0.32087258
152,[0.9441747450424598],[0.9659535444333178],[0.9023467070401211],[0.9028023226457965],0.30322978,[0.9335466651360349],[0.9584784783393745],[0.8854368932038835],[0.9193548387096774],0.3289721
153,[0.9454046124144497],[0.9666696442486108],[0.9028614457831325],[0.908104014137844],0.2998746,[0.9338695327746528],[0.9596530587551689],[0.8815533980582524],[0.9153225806451613],0.33075604
154,[0.9415117412526237],[0.9642388702525787],[0.9061287820015516],[0.8846250946730624],0.31034118,[0.9331018252783836],[0.9586006601518094],[0.8951612903225806],[0.8951612903225806],0.32581443
155,[0.9446866154953094],[0.9663547558787113],[0.9264505584309453],[0.8586215602120677],0.30822244,[0.9332596716794858],[0.9586067644810141],[0.9],[0.8528225806451613],0.32582992
156,[0.9401155832168795],[0.9628205786093949],[0.8316659417137886],[0.9654127745518808],0.37600276,[0.9264722764320974],[0.9522612876584337],[0.8293103448275863],[0.969758064516129],0.43800607
157,[0.945479073429318],[0.9668603812734857],[0.8884036875303251],[0.924514011613229],0.3094011,[0.929083916886695],[0.9567402495917059],[0.8738229755178908],[0.9354838709677419],0.35716563
158,[0.9430948642293879],[0.9652781284486984],[0.9279229711141678],[0.851552638222671],0.31676087,[0.9344865687062335],[0.9594262574614232],[0.9090909090909091],[0.8467741935483871],0.32388458
159,[0.945056343288474],[0.966292597461626],[0.8697868396663577],[0.9477404695783893],0.32007396,[0.933862357938239],[0.9587550463993257],[0.8613138686131386],[0.9516129032258065],0.36585343
160,[0.9457504163149518],[0.9669931904023047],[0.9188619599578504],[0.8805857106791214],0.30163553,[0.9343215474687177],[0.9591497156480062],[0.8959183673469387],[0.8850806451612904],0.32250208
161,[0.9442229289948951],[0.9658818688058695],[0.8990480961923848],[0.9060843221408735],0.30281392,[0.9318749282516358],[0.9579229643632355],[0.8786692759295499],[0.905241935483871],0.33780187
162,[0.9453686425336781],[0.9666568331630694],[0.897741375031025],[0.9131532441302701],0.3011553,[0.9343574216507865],[0.9598510459463266],[0.8805394990366089],[0.9213709677419355],0.33039314
163,[0.9438022718845628],[0.9658652130012266],[0.9507042253521126],[0.7838929563241606],0.34676653,[0.9358354379520146],[0.9615416331065563],[0.9280575539568345],[0.780241935483871],0.3410019
164,[0.9465976134600413],[0.9675445733585755],[0.9214077798359355],[0.8790709416813935],0.3001835,[0.9332453220066581],[0.9595912126829309],[0.8884381338742393],[0.8830645161290323],0.32421246
165,[0.946070111236576],[0.9672264721583528],[0.928298800436205],[0.8596314062105529],0.30509123,[0.9350749052921593],[0.96019681330342],[0.9023354564755839],[0.8568548387096774],0.32101023
166,[0.9463135522520789],[0.9675003948514513],[0.9352558665535765],[0.8351426407472861],0.31332225,[0.9355053954769831],[0.9611284718431123],[0.9100877192982456],[0.8366935483870968],0.32256758
167,[0.9460708956264996],[0.967280989812399],[0.9306279133534412],[0.8568543297147185],0.30678964,[0.9354479967856731],[0.9609691367303256],[0.9053763440860215],[0.8487903225806451],0.32085934
168,[0.9473517483435085],[0.9678585306496057],[0.9008243817137147],[0.9103761676344357],0.2962733,[0.9322623694179772],[0.9577118192630991],[0.88671875],[0.9153225806451613],0.3332225
169,[0.9390586177951404],[0.9628812652331866],[0.9385991058122206],[0.7950012623074981],0.348229,[0.9267233957065779],[0.9557555124125767],[0.9160997732426304],[0.8145161290322581],0.35117233
170,[0.9465862958340042],[0.9674969733469851],[0.9114410033273611],[0.8990154001514769],0.2964357,[0.9347520376535415],[0.9599558731962886],[0.8869047619047619],[0.9012096774193549],0.32430014
171,[0.9477140244324014],[0.9683268443645435],[0.9267900241351569],[0.8725069426912396],0.30023134,[0.9344865687062335],[0.9599311475392432],[0.90625],[0.8770161290322581],0.3208704
172,[0.9454308894768827],[0.9669247406230714],[0.8706595199254253],[0.9431961625852058],0.3220122,[0.9285529789920789],[0.9562141648192652],[0.8493647912885662],[0.9435483870967742],0.37959456
173,[0.9476127260765836],[0.9682982118558052],[0.9153985039979365],[0.8959858621560212],0.29725423,[0.934127826885547],[0.9605667593215657],[0.8849206349206349],[0.8991935483870968],0.3283164
174,[0.9484929796541579],[0.9688949313682751],[0.9213483146067416],[0.8901792476647311],0.29466632,[0.9358713121340834],[0.9610029971033139],[0.8961303462321792],[0.8870967741935484],0.32038414
175,[0.9468544451320929],[0.96755337846869],[0.8941320293398533],[0.9232517041151225],0.30100787,[0.9333529445528641],[0.9599560238935527],[0.8712121212121212],[0.9274193548387096],0.3430575
176,[0.9416839708686546],[0.964560537592163],[0.9509410675717371],[0.7780863418328705],0.358198,[0.9331305246240387],[0.9593057470882409],[0.9260143198090692],[0.782258064516129],0.3519212
177,[0.9450304023931512],[0.9667692097130657],[0.9089267285861713],[0.8894218631658672],0.30144203,[0.9323556422913557],[0.9583821036735909],[0.893574297188755],[0.8971774193548387],0.32787454
178,[0.9444260299571957],[0.9659733333044234],[0.8846337960746768],[0.9330977026003534],0.3125314,[0.9292274136149696],[0.9566109213015472],[0.864406779661017],[0.9254032258064516],0.3615973
179,[0.9442176063489867],[0.9662582766926993],[0.9386218876664737],[0.8184801817722798],0.32345152,[0.9348094363448513],[0.9608331640012572],[0.918552036199095],[0.8185483870967742],0.33006102
180,[0.947480892541606],[0.9680586171956178],[0.8891846116622308],[0.927796011108306],0.30123428,[0.9349170588910573],[0.9604572014605272],[0.8731060606060606],[0.9294354838709677],0.33985382
181,[0.9474940030588965],[0.9682932215794255],[0.951471034273582],[0.7919717243120424],0.33163258,[0.932240844908736],[0.9588466657275401],[0.9237875288683602],[0.8064516129032258],0.3423451
182,[0.9476728999892763],[0.9683075787206304],[0.9119237702807108],[0.8939661701590508],0.29463488,[0.9315448857766042],[0.9572830186299974],[0.8911290322580645],[0.8911290322580645],0.3327758
183,[0.9469374784082666],[0.9678396645819758],[0.9420662100456622],[0.8333754102499369],0.31498137,[0.9346157157616807],[0.9604551267905832],[0.92],[0.8346774193548387],0.33055934
184,[0.9465047192819739],[0.9671839392876121],[0.9042821158690176],[0.9063367836404949],0.29659837,[0.9320327746527379],[0.9586040185992221],[0.8779527559055118],[0.8991935483870968],0.33471936
185,[0.9460432178677749],[0.9673892650152954],[0.8849042888296583],[0.921989396617016],0.30532405,[0.933969980484445],[0.9592173650846928],[0.876425855513308],[0.9294354838709677],0.34341797
186,[0.9454511715591868],[0.9667941963506156],[0.8524516419253262],[0.9568290835647564],0.3375456,[0.9315305361037769],[0.9587297265713739],[0.833916083916084],[0.9616935483870968],0.3948565
187,[0.9481691946993619],[0.9684730309794751],[0.8956500488758553],[0.9252713961120929],0.29739386,[0.9344004706692688],[0.9599788600677671],[0.875],[0.9173387096774194],0.3373154
188,[0.9484602033609315],[0.9687515619071226],[0.9068948163059889],[0.9098712446351931],0.29373112,[0.9318247043967398],[0.9587468569479345],[0.8838582677165354],[0.905241935483871],0.33690202
189,[0.9488277460678815],[0.9689758789415845],[0.880028395646001],[0.9389043170916436],0.3072879,[0.9337188612099645],[0.9598701280672215],[0.8640595903165735],[0.9354838709677419],0.35612017
190,[0.9475779888085486],[0.9682845246030558],[0.9240976645435244],[0.8790709416813935],0.29715872,[0.9353403742394673],[0.9600648176597496],[0.9022869022869023],[0.875],0.32184482
191,[0.9494831038488558],[0.9693647852666337],[0.9123076923076923],[0.898258015652613],0.28900856,[0.9348883595454024],[0.9596368968965971],[0.894],[0.9012096774193549],0.3240277
192,[0.9480164627757115],[0.9687365172195713],[0.928744939271255],[0.86872002019692],0.29941976,[0.9369188382504879],[0.9616580878157509],[0.9031578947368422],[0.8649193548387096],0.31829602
193,[0.949521146760139],[0.9696191363643051],[0.9115315776016364],[0.9000252461499622],0.29033005,[0.9367681666857995],[0.9615292166423588],[0.8902195608782435],[0.8991935483870968],0.32023135
194,[0.9472884368711223],[0.9681094098848364],[0.9102564102564102],[0.8962383236556425],0.29439378,[0.9335897141545173],[0.9583200915105947],[0.8897795591182365],[0.8951612903225806],0.32855284
195,[0.9459203487890645],[0.9672551331444612],[0.9457547169811321],[0.8098964907851552],0.33091933,[0.9362946274824935],[0.96141973894816],[0.9170506912442397],[0.8024193548387096],0.3325973
196,[0.9498119313103021],[0.9698371765871776],[0.9190946930280958],[0.8919464781620803],0.2902797,[0.9343000229594766],[0.9595482256083312],[0.8931451612903226],[0.8931451612903226],0.32192832
197,[0.9455520216921913],[0.9666887510577551],[0.963110667996012],[0.7316334259025499],0.38013366,[0.9313439903570198],[0.9579286616179088],[0.9370277078085643],[0.75],0.3771759
198,[0.9489409223282531],[0.96925678884045],[0.9344398340248963],[0.8528149457207775],0.30280876,[0.9361511307542187],[0.9613844782050628],[0.9079229122055674],[0.8548387096774194],0.3197646
199,[0.9483098246070514],[0.9685727093062504],[0.8853046594982079],[0.9353698560969452],0.30481458,[0.9314803122488808],[0.9588529238659407],[0.8568773234200744],[0.9294354838709677],0.35982102
200,[0.9509783751542027],[0.9705290483944102],[0.9293172690763052],[0.8762938651855592],0.2905809,[0.9358354379520147],[0.9613241074746866],[0.9037656903765691],[0.8709677419354839],0.31776825
201,[0.9496125842140631],[0.9694657722786248],[0.9131323454266734],[0.9022973996465539],0.28983966,[0.9324704396739754],[0.9592556720873682],[0.8893360160965795],[0.8911290322580645],0.33179003
202,[0.9479050794065933],[0.9683437577960219],[0.8793062485150868],[0.93436001009846],0.30710402,[0.9302821145677879],[0.9562982113495718],[0.8700564971751412],[0.9314516129032258],0.36536354
203,[0.9482948651706559],[0.9686140698934819],[0.8968665186281767],[0.9176975511234536],0.29471397,[0.9300238204568936],[0.9571347820806786],[0.8771929824561403],[0.907258064516129],0.35094327
204,[0.9506469704115794],[0.9702844402468197],[0.9463358338141951],[0.8280737187578894],0.30989212,[0.937657846401102],[0.9625369922698073],[0.9258426966292135],[0.8306451612903226],0.32338095
205,[0.9506673645495871],[0.9703275286688673],[0.9251592356687898],[0.8800807876798789],0.28855342,[0.9357062908965675],[0.9608129514691539],[0.8997955010224948],[0.8870967741935484],0.31970298
206,[0.9508056412875067],[0.9704252934379509],[0.9184683511331075],[0.8901792476647311],0.28526542,[0.937657846401102],[0.9620855752980482],[0.8947368421052632],[0.8911290322580645],0.3167389
207,[0.9482229814369642],[0.9689656759858811],[0.9184740005226025],[0.8874021711688967],0.29385376,[0.9368829640684192],[0.9616300457155393],[0.9022403258655805],[0.8931451612903226],0.31742314
208,[0.9493391682979176],[0.9696491519318258],[0.9302638664512655],[0.8722544811916183],0.301054,[0.9327287337848696],[0.9592344944530597],[0.9033613445378151],[0.8669354838709677],0.32901567
209,[0.9512384004137991],[0.970715377734556],[0.9256990679094541],[0.8775561726836657],0.29007733,[0.9371914820342095],[0.9621459209682318],[0.9006211180124224],[0.8770161290322581],0.3144049
210,[0.9516047105080125],[0.9708751643464726],[0.9317258195610946],[0.8682150971976773],0.29338843,[0.9359143611525658],[0.9610691311036919],[0.9037656903765691],[0.8709677419354839],0.31754696
211,[0.9505624243834107],[0.9702398919473044],[0.9244984160506864],[0.8841201716738197],0.28808552,[0.9368327402135231],[0.96188906601226],[0.8991769547325102],[0.8810483870967742],0.31790638
212,[0.94849841435577],[0.9690465931457445],[0.9013452914798207],[0.9134057056298914],0.29709855,[0.9296794283090345],[0.9571605774630823],[0.8745098039215686],[0.8991935483870968],0.3453356
213,[0.9482550293681189],[0.9688182461269772],[0.9480403800475059],[0.8061095682908357],0.32424304,[0.933833658592584],[0.9605905471418612],[0.9220183486238532],[0.8104838709677419],0.334571
214,[0.9513520248969844],[0.970855276453221],[0.9288569144684252],[0.8800807876798789],0.28909698,[0.9368112157042818],[0.9617590720730258],[0.9070247933884298],[0.8850806451612904],0.31563097
215,[0.9501988036260777],[0.9700293522914465],[0.9008470353761834],[0.9129007826306488],0.28822866,[0.937363678108139],[0.9613757034366098],[0.884990253411306],[0.9153225806451613],0.32693344
216,[0.9500055075378191],[0.9698006706862432],[0.9312956451176629],[0.8692249431961626],0.29346788,[0.9376578464011021],[0.9624833999889905],[0.9133192389006343],[0.8709677419354839],0.31629005
217,[0.9493136195975564],[0.9693161701068275],[0.9535660091047041],[0.793234031810149],0.3295649,[0.9346731144529905],[0.9610231713955211],[0.9223529411764706],[0.7903225806451613],0.3406847
218,[0.9518292701375025],[0.9711717692449232],[0.93601108033241],[0.8530674072203989],0.29329666,[0.935534094822638],[0.96064506338849],[0.9172113289760349],[0.8487903225806451],0.3214662
219,[0.949786214526386],[0.9697600327327168],[0.8952287260206592],[0.9189598586215603],0.29087478,[0.9383681552060612],[0.9621359227471982],[0.878095238095238],[0.9294354838709677],0.3288002
220,[0.9511165958642704],[0.9706740636915623],[0.888542665388303],[0.9358747790961879],0.2960853,[0.9328722305131443],[0.9594072521769318],[0.8635514018691589],[0.9314516129032258],0.3524943
221,[0.9491328737480715],[0.9694850202466695],[0.9299674267100977],[0.8649330977026004],0.2992527,[0.9337403857192055],[0.9594532481043099],[0.9031578947368422],[0.8649193548387096],0.32707256
222,[0.9508657031444959],[0.970377825256908],[0.9344533186450014],[0.8566018682150972],0.296482,[0.935239926529675],[0.9608496809145933],[0.9104477611940298],[0.8608870967741935],0.32024342
223,[0.950295115503097],[0.9702427105232138],[0.9247740563530037],[0.8783135571825297],0.29079226,[0.9368112157042819],[0.9612882210561945],[0.9069767441860465],[0.8649193548387096],0.3195902
224,[0.9475212325948078],[0.9684932427296371],[0.9138557343020238],[0.8891694016662459],0.29425073,[0.932908104695213],[0.9596868168675803],[0.8922764227642277],[0.8850806451612904],0.33008474
225,[0.9515493549905631],[0.9708998305745398],[0.9090681362725451],[0.9161827821257258],0.28482625,[0.936065032717254],[0.96105876394026],[0.8895463510848126],[0.9092741935483871],0.32568055
226,[0.9514861555738805],[0.9710248518235838],[0.9345415201514742],[0.8722544811916183],0.29224315,[0.9377511192744806],[0.96248344353682],[0.9087048832271762],[0.8629032258064516],0.31618398
227,[0.9513027203875155],[0.9708923312939974],[0.9388780351660619],[0.8492804847260793],0.2987786,[0.9397385489610837],[0.9643444290676895],[0.91792656587473],[0.8568548387096774],0.3128006
228,[0.9510535085032912],[0.9706442738437129],[0.9432844243792325],[0.8439787932340318],0.300255,[0.9378730914935139],[0.962345180308229],[0.918859649122807],[0.844758064516129],0.3173165
229,[0.9526245294640948],[0.9716033777621279],[0.91057523235368],[0.9151729361272406],0.28246778,[0.9357278154058087],[0.9615546292372201],[0.8815533980582524],[0.9153225806451613],0.32841563
230,[0.9523204663130861],[0.9711328657935916],[0.8915401301518439],[0.9338550870992174],0.29070672,[0.933891057283894],[0.959475417321671],[0.8662900188323918],[0.9274193548387096],0.34677735
231,[0.9514973611442141],[0.9708820282449783],[0.9399441340782123],[0.8495329462257006],0.30089563,[0.9370336356331074],[0.961165136662059],[0.9186813186813186],[0.842741935483871],0.32198572
232,[0.952471237261928],[0.9715556135763729],[0.9502746458514021],[0.8298409492552385],0.3058485,[0.9359215359889794],[0.9618097888684239],[0.92],[0.8346774193548387],0.32608783
233,[0.9521257695285358],[0.9712243771480944],[0.8935296957991309],[0.93436001009846],0.2926326,[0.9371125588336586],[0.9622304907444461],[0.8733459357277883],[0.9314516129032258],0.34367076
234,[0.9525466507502747],[0.9715791061060373],[0.9182146542827657],[0.8985104771522343],0.28048503,[0.9373062794168293],[0.9617734300227259],[0.8971774193548387],[0.8971774193548387],0.31925154
235,[0.95266699857566],[0.9716772707732564],[0.9096187831355719],[0.9096187831355719],0.2808277,[0.9380165882217886],[0.9625819706220082],[0.8875739644970414],[0.907258064516129],0.32210577
236,[0.9535652370936203],[0.9721329502336337],[0.9185033316248078],[0.904822014642767],0.27780095,[0.9340345540121686],[0.9598281153725847],[0.8917835671342685],[0.8971774193548387],0.3276685
237,[0.9529172749890662],[0.9717966362637567],[0.896728515625],[0.9272910881090634],0.28645495,[0.9341421765583744],[0.9601761168746545],[0.8738049713193117],[0.9213709677419355],0.34510106
238,[0.9520643630031064],[0.971220671455694],[0.9213424226533823],[0.8871497096692754],0.28301197,[0.9374497761451038],[0.9621516078898907],[0.9059304703476483],[0.8931451612903226],0.3172068
239,[0.9539257202912594],[0.9725356395260368],[0.9089079013588324],[0.9118909366321636],0.27759004,[0.9383251061875789],[0.9627682564016564],[0.8893280632411067],[0.907258064516129],0.3230325
240,[0.954407335704208],[0.9727717913631551],[0.904655770183259],[0.9222418581166372],0.2799475,[0.9380094133853747],[0.9629347352331349],[0.8813229571984436],[0.9133064516129032],0.32872498
241,[0.951568852682944],[0.9709859149364738],[0.904953482524516],[0.9086089371370866],0.28438374,[0.9387699460452302],[0.9625635493458082],[0.888671875],[0.9173387096774194],0.32151705
242,[0.9496046282591261],[0.9697234746054229],[0.9230971819857783],[0.8848775561726837],0.29095823,[0.9308274021352312],[0.9580250420012072],[0.8940936863543788],[0.8850806451612904],0.33307445
243,[0.9522067858020493],[0.9711678746089516],[0.9027777777777778],[0.9189598586215603],0.28335485,[0.9358139134427735],[0.9602268480225258],[0.8845401174168297],[0.9112903225806451],0.33235693
244,[0.9524034435614082],[0.9715577377252375],[0.9414908579465542],[0.844988639232517],0.29405245,[0.9385331764435769],[0.9635497468639835],[0.9126637554585153],[0.842741935483871],0.31593132
245,[0.9551442140093609],[0.9732818700201709],[0.9139458364970894],[0.9116384751325423],0.2763432,[0.9365026977384916],[0.9615218518565091],[0.8851485148514852],[0.9012096774193549],0.32415643
246,[0.953889750410488],[0.9723827856653353],[0.9084065244667503],[0.9139106286291341],0.27884308,[0.9360004591895305],[0.9617093416177003],[0.8873517786561265],[0.905241935483871],0.3314661
247,[0.9531251943466104],[0.9719879991589553],[0.905806130077249],[0.9176975511234536],0.28181985,[0.9354838709677419],[0.9612308120230671],[0.8786692759295499],[0.905241935483871],0.33246946
248,[0.9541267482230485],[0.9726367859681613],[0.9207128099173554],[0.9000252461499622],0.27660093,[0.9378659166571002],[0.9621000853512287],[0.8922155688622755],[0.9012096774193549],0.32038924
249,[0.9535152602499312],[0.9722330174828102],[0.8904109589041096],[0.9353698560969452],0.2900269,[0.93484531052692],[0.9614130832274307],[0.8660377358490566],[0.9254032258064516],0.34853107
250,[0.9547331936895158],[0.9729261041260826],[0.9317215727948991],[0.8853824791719263],0.2793734,[0.939702674779015],[0.9639594714017854],[0.901840490797546],[0.8891129032258065],0.30993098
251,[0.9544653245306856],[0.9728681518942628],[0.9343556631692225],[0.8767987881848018],0.2803766,[0.9381385604408219],[0.9628052141316937],[0.9069767441860465],[0.8649193548387096],0.314359
252,[0.9536859210861155],[0.9721476630129058],[0.9260618772941793],[0.891694016662459],0.28017557,[0.9352614510389162],[0.961120709905157],[0.8993839835728953],[0.8830645161290323],0.32205838
253,[0.9542687227991783],[0.9727039128074216],[0.9070232441889527],[0.9161827821257258],0.2766078,[0.9374641258179313],[0.9623594372356004],[0.884313725490196],[0.9092741935483871],0.32873392
254,[0.9555108042428323],[0.9733807060759525],[0.9216090768437338],[0.9022973996465539],0.27325445,[0.9380739869130983],[0.9626516674939747],[0.8951612903225806],[0.8951612903225806],0.31707448
255,[0.9558828852057675],[0.9736943975956909],[0.8980239082703099],[0.9293107801060339],0.27823654,[0.9396165767420502],[0.9636509572117735],[0.8788461538461538],[0.9213709677419355],0.32771397
256,[0.9558406402056088],[0.9737631354954454],[0.9036085022244191],[0.9229992426155011],0.27511665,[0.94105871886121],[0.9643639546233234],[0.887378640776699],[0.9213709677419355],0.32149446
257,[0.9549564086505657],[0.9730540007842576],[0.8907825252040327],[0.9368846250946731],0.2859608,[0.9371914820342094],[0.962598309759535],[0.8695652173913043],[0.9274193548387096],0.34357473
258,[0.9539956430501428],[0.9725846074969036],[0.9176923076923077],[0.9035597071446604],0.2766396,[0.9380811617495122],[0.962434964770428],[0.89738430583501],[0.8991935483870968],0.32074338
259,[0.953986118315359],[0.972428038722807],[0.913065582104728],[0.9068417066397374],0.27589718,[0.9392291355757088],[0.9639763526369396],[0.8864541832669323],[0.8971774193548387],0.32074016
260,[0.9539978841642096],[0.9724497052071872],[0.9538820782253357],[0.8250441807624337],0.30213588,[0.9379017908391689],[0.9631158250462704],[0.9234234234234234],[0.8266129032258065],0.32614115
261,[0.9548779696582291],[0.9727571707865368],[0.8985613265057303],[0.930320626104519],0.28138402,[0.9383753300424751],[0.9631301447577273],[0.8790786948176583],[0.9233870967741935],0.33086574
262,[0.9554475487982979],[0.9733405314631974],[0.8801032379164712],[0.9469830850795253],0.29262736,[0.9374928251635863],[0.9623516797607403],[0.8608534322820037],[0.9354838709677419],0.35570073
263,[0.9560919811481967],[0.9738312358691533],[0.9179657551750575],[0.9068417066397374],0.27259448,[0.9388058202272987],[0.9637411391738625],[0.89],[0.8971774193548387],0.31849444
264,[0.9543986513871993],[0.9725941345546909],[0.921583850931677],[0.8990154001514769],0.27437815,[0.9406999770405233],[0.9644247638825528],[0.8981670061099797],[0.8891129032258065],0.31453538
265,[0.9540039351721897],[0.9726007396010551],[0.9368392518297641],[0.8725069426912396],0.28077474,[0.9375286993456549],[0.9631615031306499],[0.9016736401673641],[0.8689516129032258],0.31738412
266,[0.9529376130992222],[0.971721428262931],[0.9463220675944334],[0.8412017167381974],0.2955506,[0.9356632418780853],[0.9615834969161803],[0.9142857142857143],[0.8387096774193549],0.32514614
267,[0.9547841230066832],[0.9730055023215867],[0.9497270899166906],[0.8346377177480434],0.29754856,[0.9391286878659166],[0.9634763012683372],[0.9227373068432672],[0.842741935483871],0.32083228
268,[0.9557549175925549],[0.9736610336789522],[0.9035282506785097],[0.924514011613229],0.27595127,[0.9412596142807943],[0.9641315224972157],[0.8908382066276803],[0.9213709677419355],0.32247984
269,[0.9528537954331249],[0.9720798587615598],[0.9567034935801731],[0.80888664478667],0.3174891,[0.9381457352772357],[0.9629137216061907],[0.9230769230769231],[0.8225806451612904],0.3332122
270,[0.9524358836875246],[0.9713091198948709],[0.8404371584699454],[0.9707144660439283],0.35388592,[0.9362228791183561],[0.9607236086147845],[0.8296041308089501],[0.9717741935483871],0.43116325
271,[0.9546993528671077],[0.9729086943316929],[0.9476975554292212],[0.8417066397374401],0.29523826,[0.9388416944093674],[0.9630541214765871],[0.9174107142857143],[0.8286290322580645],0.3196875
272,[0.9539491399332574],[0.972494959243748],[0.8686752529898804],[0.9535470840696794],0.30910066,[0.9342497991045803],[0.9603705466495698],[0.8436363636363636],[0.9354838709677419],0.3860988
273,[0.9534791783134563],[0.9722875631462385],[0.9339088211491773],[0.8740217116889675],0.28347462,[0.9400327172540466],[0.964447823089119],[0.9156118143459916],[0.875],0.3084836
274,[0.9563287548493506],[0.9740098327634497],[0.9295478443743428],[0.8927038626609443],0.2739778,[0.938748421535989],[0.9633965837857105],[0.8993839835728953],[0.8830645161290323],0.31391007
275,[0.9557007946878424],[0.9736814710099193],[0.9361416689026026],[0.8808381721787427],0.2756886,[0.9376865457467569],[0.9635885854323413],[0.9004149377593361],[0.875],0.31554884
276,[0.9567376461108323],[0.9742633184214733],[0.9393197278911565],[0.8714970966927543],0.27596787,[0.9381600849500631],[0.9629498188050385],[0.9088983050847458],[0.8649193548387096],0.3143103
277,[0.9566556213359887],[0.9742317102665057],[0.9053619965406474],[0.9250189346124716],0.27297714,[0.9385905751348869],[0.9623350464577122],[0.8901960784313725],[0.9153225806451613],0.3250063
278,[0.95556912923642],[0.9736741813744008],[0.9353448275862069],[0.8765463266851805],0.27819794,[0.9395448283779129],[0.9636400362325048],[0.9107883817427386],[0.8850806451612904],0.31162602
279,[0.9563773870245994],[0.9741151476068864],[0.9377358490566038],[0.8783135571825297],0.27781296,[0.9414102858454827],[0.9647604452085843],[0.9138655462184874],[0.8770161290322581],0.30792361
280,[0.9570890527965014],[0.9745048802269592],[0.921120246659815],[0.9050744761423883],0.27097604,[0.9393439329583286],[0.9637194610362729],[0.902834008097166],[0.8991935483870968],0.314389
281,[0.9568603471059878],[0.9743882277332381],[0.9361930294906167],[0.8815955566776067],0.2720214,[0.9397887728159798],[0.9640952062334038],[0.9043659043659044],[0.8770161290322581],0.31157646
282,[0.9568094738166721],[0.9742895097073279],[0.9035582822085889],[0.9295632416056552],0.2733445,[0.9380452875674435],[0.9630186212618848],[0.8745173745173745],[0.9133064516129032],0.3348057
283,[0.9568604591616912],[0.9742947426935078],[0.9105],[0.9194647816208028],0.26972234,[0.9371197336700723],[0.9619927808718383],[0.883399209486166],[0.9012096774193549],0.32958975
284,[0.9559308450467963],[0.9738670762561322],[0.9130324543610547],[0.9091138601363292],0.2719899,[0.9390282401561244],[0.9633882691048101],[0.8971774193548387],[0.8971774193548387],0.3204078
285,[0.956845891920257],[0.9741712551564863],[0.914443885254152],[0.9174450896238323],0.26874128,[0.9382390081506142],[0.9627426616455357],[0.8886679920477137],[0.9012096774193549],0.32342786
286,[0.9560849216388865],[0.9737801055548733],[0.9194991055456172],[0.9083564756374652],0.27273756,[0.9333457697164504],[0.9592343614358558],[0.8947368421052632],[0.8911290322580645],0.33060455
287,[0.9567587125830599],[0.9743658692732302],[0.9180286006128703],[0.9075990911386014],0.2692261,[0.9395878773963954],[0.9640517606396233],[0.8971774193548387],[0.8971774193548387],0.3189239
288,[0.9574994007821266],[0.9748956650726652],[0.9190015282730515],[0.9108810906336784],0.26823163,[0.9407358512225921],[0.9645060658941224],[0.8937875751503006],[0.8991935483870968],0.31584346
289,[0.9536973507678561],[0.9722997471009155],[0.9166453592431603],[0.9050744761423883],0.27721038,[0.9371484330157271],[0.9617514367296928],[0.8917835671342685],[0.8971774193548387],0.32268456
290,[0.9550004465419779],[0.9730563777897162],[0.9125158027812895],[0.9111335521332997],0.27478054,[0.9389564917919873],[0.9634558891494373],[0.8858267716535433],[0.907258064516129],0.31954384
291,[0.9539005077580086],[0.9724946275422334],[0.941992783791285],[0.8568543297147185],0.2874865,[0.9407860750774881],[0.9648261802877014],[0.915948275862069],[0.8568548387096774],0.31192178
292,[0.9582565051417319],[0.9753098872057001],[0.9261849261849262],[0.9028023226457965],0.26670426,[0.9392578349213638],[0.9634227759818655],[0.8985801217038539],[0.8931451612903226],0.31497586
293,[0.9568240410581061],[0.9743573698479804],[0.9076884797213237],[0.9209795506185307],0.27245575,[0.9353834232579498],[0.9609231708196133],[0.8806262230919765],[0.907258064516129],0.33659357
294,[0.9568686392280348],[0.9743205790655537],[0.947309101155255],[0.8487755617268367],0.28665093,[0.9392147859028814],[0.9636407931657212],[0.9213973799126638],[0.8508064516129032],0.31662643
295,[0.9559507909619904],[0.9737656759543601],[0.9377358490566038],[0.8783135571825297],0.27729052,[0.9353618987487086],[0.9613489032551978],[0.9027484143763214],[0.8608870967741935],0.32141814
296,[0.9576554943768767],[0.9749351823312775],[0.9319015191199581],[0.898258015652613],0.2690113,[0.9403986339111469],[0.964325543447554],[0.9049586776859504],[0.8830645161290323],0.3112678
297,[0.9576788019631711],[0.974957028045153],[0.8989800874210782],[0.9346124715980813],0.27660403,[0.9332309723338307],[0.9596586886032035],[0.8669201520912547],[0.9193548387096774],0.3543101
298,[0.9573605077378384],[0.9747639933755399],[0.9418320195705354],[0.8747790961878313],0.27365142,[0.9402623120192859],[0.9646287340944439],[0.9133192389006343],[0.8709677419354839],0.31182405
299,[0.955161470587675],[0.9734431236631899],[0.9592140518011313],[0.8134309517798536],0.3093726,[0.9343000229594765],[0.9604682653795051],[0.9259259259259259],[0.8064516129032258],0.33794564
300,[0.9558093766643774],[0.9736299551208151],[0.9497301902868504],[0.8442312547336531],0.29395053,[0.9361439559178051],[0.9609255902535302],[0.9172259507829977],[0.8266129032258065],0.32842273
301,[0.9562224700147343],[0.9742280481116484],[0.9597735399284862],[0.8131784902802323],0.3066321,[0.9401833888187348],[0.9648835401035138],[0.9336384439359268],[0.8225806451612904],0.3254385
302,[0.9573314292828221],[0.974622386719783],[0.9428336980306345],[0.8702347891946478],0.27433968,[0.9400470669268741],[0.9643888739410681],[0.9166666666666666],[0.8649193548387096],0.3123444
303,[0.9569079707799066],[0.9744357851700626],[0.938122141511972],[0.8803332491795002],0.27295148,[0.936122431408564],[0.9618898787243737],[0.9010526315789473],[0.8629032258064516],0.32176524
304,[0.9586443859588377],[0.9755028113920833],[0.916350770785949],[0.9154253976268619],0.26506034,[0.9392865342670188],[0.963594176309732],[0.8884462151394422],[0.8991935483870968],0.32110912
305,[0.9570753820006941],[0.9744970552568732],[0.8813877168307548],[0.9492552385761172],0.29140288,[0.937047985305935],[0.9626346367987539],[0.8560885608856088],[0.9354838709677419],0.3650211
306,[0.958125568052381],[0.9752120318182798],[0.9351508734780307],[0.8919464781620803],0.26758087,[0.9429672253472621],[0.9660741382126056],[0.9053497942386831],[0.8870967741935484],0.30522037
307,[0.9572576966300255],[0.9746546189966238],[0.8998049731838128],[0.9318353951022469],0.27576482,[0.9397457237974973],[0.9642114211288703],[0.8694817658349329],[0.9133064516129032],0.339098
308,[0.9589044672462861],[0.9756145766975342],[0.9446111869031378],[0.8740217116889675],0.27447623,[0.9387412466995753],[0.9632234706231044],[0.9133192389006343],[0.8709677419354839],0.3122576
309,[0.9578223453191475],[0.9749877251797074],[0.9155958679768204],[0.9174450896238323],0.26909354,[0.936832740213523],[0.962084839088275],[0.8869047619047619],[0.9012096774193549],0.3272699
310,[0.9582193586760752],[0.9752306550133388],[0.9331395348837209],[0.8914415551628376],0.26484758,[0.939996843071978],[0.9644853517419139],[0.8954918032786885],[0.8810483870967742],0.3136664
311,[0.9581652357713629],[0.9752859212153392],[0.9141414141414141],[0.9139106286291341],0.26619628,[0.9396381012512915],[0.9631612805313154],[0.8908730158730159],[0.905241935483871],0.31805703
312,[0.9593978485080848],[0.9759257973129972],[0.9310164619806637],[0.8995203231507195],0.26323664,[0.9373708529445528],[0.9621430840255434],[0.8973305954825462],[0.8810483870967742],0.31808147
313,[0.9572722638714595],[0.9746124974054051],[0.9205822267620021],[0.9101237061348144],0.2666477,[0.9417977270118241],[0.9650865611004099],[0.8975903614457831],[0.9012096774193549],0.3124988
314,[0.9571979709401462],[0.9744411017510336],[0.8994657600777076],[0.9351173945973239],0.27769235,[0.9362946274824935],[0.9616031686232924],[0.8704761904761905],[0.9213709677419355],0.34148628
315,[0.959246573308578],[0.9758597280087513],[0.9071092395343077],[0.924514011613229],0.26604435,[0.9432542188038112],[0.9663397890233366],[0.883495145631068],[0.9173387096774194],0.31593317
316,[0.9580573261290481],[0.9749440426387328],[0.9388412017167382],[0.8836152486745771],0.26935494,[0.9369905866146251],[0.9624584917442246],[0.9016736401673641],[0.8689516129032258],0.31828845
317,[0.9582637327345973],[0.9751764933687035],[0.899171943497321],[0.9320878566018682],0.27211928,[0.9409116347147285],[0.9650895934953463],[0.876425855513308],[0.9294354838709677],0.32936174
318,[0.9583964066873499],[0.9753301094276492],[0.9114400401404917],[0.9171926281242111],0.266489,[0.9425654345080932],[0.9644184235795447],[0.8871595330739299],[0.9193548387096774],0.3168409
319,[0.9596283470898517],[0.9761540149671709],[0.9492045771699693],[0.8586215602120677],0.2724659,[0.9397241992882562],[0.9640327642108337],[0.9199134199134199],[0.8568548387096774],0.31212547
320,[0.9580688678664918],[0.9751202103414348],[0.8998776009791921],[0.9280484726079273],0.27350402,[0.9371412581793135],[0.9624237554082689],[0.8783783783783784],[0.9173387096774194],0.34262303
321,[0.9586553674177649],[0.9756431707691169],[0.9154467440686522],[0.9156778591264833],0.2650291,[0.9404273332568017],[0.9643285782215806],[0.8968253968253969],[0.9112903225806451],0.3188157
322,[0.9591684704833512],[0.9758049505011039],[0.9197154471544715],[0.9139106286291341],0.26338807,[0.9427089312363678],[0.965901231661815],[0.898],[0.905241935483871],0.30999207
323,[0.957364821882417],[0.9745832125315008],[0.9415779415779416],[0.8707397121938905],0.27486226,[0.9413026632992767],[0.9650139653676919],[0.9127659574468086],[0.8649193548387096],0.3085509
324,[0.9583005990609957],[0.9752958980663571],[0.9111611611611612],[0.9192123201211815],0.26616135,[0.9414820342096201],[0.9648608986727378],[0.8966202783300199],[0.9092741935483871],0.3199756
325,[0.9586595134787884],[0.9755294101386651],[0.9344435633095427],[0.8924514011613229],0.26580048,[0.9395448283779129],[0.9635422892121519],[0.8981670061099797],[0.8891129032258065],0.31383896
326,[0.9598828255921331],[0.9764799974113745],[0.9269370774830993],[0.9000252461499622],0.26246592,[0.9370838594880038],[0.9622789799197433],[0.893574297188755],[0.8971774193548387],0.321554
327,[0.9591364225521963],[0.9758866291302661],[0.9436079934300575],[0.8702347891946478],0.27144548,[0.9420344966134772],[0.965946002605317],[0.9170212765957447],[0.8689516129032258],0.30457985
328,[0.9593324079773351],[0.9757843342065358],[0.8991515151515151],[0.9363797020954304],0.2698815,[0.9413600619905865],[0.9648127843694535],[0.8809980806142035],[0.9254032258064516],0.3310897
329,[0.9571335389107267],[0.9746188227174065],[0.9306904699396167],[0.894976016157536],0.27072167,[0.939860521180117],[0.9634388485438494],[0.9016393442622951],[0.8870967741935484],0.3159125
330,[0.9593982407030465],[0.9759232883024457],[0.9441128594682583],[0.878566018682151],0.2674065,[0.9388058202272987],[0.9635101140075801],[0.9056603773584906],[0.8709677419354839],0.3144246
331,[0.957462198288618],[0.9744620236517367],[0.8894173602853745],[0.944206008583691],0.28097183,[0.9371412581793134],[0.9608866051517135],[0.8731060606060606],[0.9294354838709677],0.35286695
332,[0.959322435019738],[0.9759874906515057],[0.915241448692153],[0.9187073971219389],0.2630589,[0.9410371943519688],[0.9642884041892212],[0.8946322067594433],[0.907258064516129],0.31844366
333,[0.9596849352200376],[0.976092449670249],[0.8973429951690821],[0.9378944710931583],0.27239877,[0.9368686143955918],[0.9616966417524967],[0.8712121212121212],[0.9274193548387096],0.34339657
334,[0.9595117531305282],[0.976035228437209],[0.9298245614035088],[0.8964907851552638],0.2614059,[0.9429170014923659],[0.9661350798429986],[0.9051546391752577],[0.8850806451612904],0.30732125
335,[0.957435977254037],[0.9748334373891072],[0.9517831669044222],[0.8422115627366826],0.286671,[0.9384183790609573],[0.9632711091667681],[0.9196428571428571],[0.8306451612903226],0.31983012
336,[0.9584970327089479],[0.975475036823877],[0.9508890770533446],[0.8505427922241858],0.2796945,[0.9369475375961427],[0.9621445858212677],[0.9210526315789473],[0.8467741935483871],0.3204277
337,[0.9601055923303697],[0.9764555212315891],[0.9278323848939473],[0.9055793991416309],0.26085478,[0.9402407875100447],[0.9640253653114859],[0.8927125506072875],[0.8891129032258065],0.31412607
338,[0.9603652814228564],[0.9766817710097646],[0.9105223694076481],[0.9197172431204241],0.2612003,[0.9421923430145793],[0.9651128481665691],[0.8877952755905512],[0.9092741935483871],0.31642
339,[0.9575847872280702],[0.9749202058936853],[0.9100173999502859],[0.9242615501136077],0.2707986,[0.9346802892894042],[0.9609058783700798],[0.876953125],[0.905241935483871],0.34220397
340,[0.9588862021666419],[0.9758916673414193],[0.9183465169686145],[0.9086089371370866],0.26327303,[0.9418192515210654],[0.9649659299027474],[0.8997995991983968],[0.905241935483871],0.31456983
341,[0.9589328733670822],[0.9757559259871942],[0.9166666666666666],[0.9164352436253471],0.26352268,[0.9380739869130983],[0.9621525214993337],[0.8814229249011858],[0.8991935483870968],0.3277719
342,[0.9599182912222399],[0.9761763836065137],[0.9138146390207345],[0.9235041656147438],0.26142016,[0.9403699345654919],[0.9640005130280948],[0.8891089108910891],[0.905241935483871],0.32571483
343,[0.9603364270792469],[0.97650433813851],[0.9141856392294221],[0.9224943196162585],0.26150957,[0.9385690506256458],[0.9629658102934974],[0.8866799204771372],[0.8991935483870968],0.32650602
344,[0.9598515060230501],[0.9761811105971383],[0.9228213646818298],[0.9116384751325423],0.26003978,[0.9416685799563771],[0.9654410015822414],[0.8953722334004024],[0.8971774193548387],0.3135967
345,[0.9574689216308183],[0.9748142976715066],[0.8983174835405998],[0.9300681646048977],0.2751363,[0.9401116404545977],[0.9637301837710665],[0.8839458413926499],[0.9213709677419355],0.33176073
346,[0.9584972568203544],[0.9754043060193612],[0.9020618556701031],[0.927796011108306],0.26988924,[0.9430317988749856],[0.9657008016698189],[0.8761904761904762],[0.9274193548387096],0.319641
347,[0.9593367781497653],[0.9757134127002475],[0.9071024821823543],[0.9318353951022469],0.2681477,[0.9366820686488349],[0.9615728825598355],[0.8776290630975143],[0.9254032258064516],0.33690807
348,[0.957656783017465],[0.9747907046731733],[0.8686799359414321],[0.9585963140621055],0.30790302,[0.9373995522902079],[0.9617827469566836],[0.8486486486486486],[0.9495967741935484],0.394799
349,[0.9603545801031876],[0.9765291221824032],[0.8952038369304557],[0.9424387780863418],0.2712547,[0.941245264607967],[0.9646012564676332],[0.8745247148288974],[0.9274193548387096],0.33968306
350,[0.9589096218086395],[0.9758411015567297],[0.9304461942257218],[0.894976016157536],0.26367885,[0.9413959361726552],[0.9648367457731142],[0.9036885245901639],[0.8891129032258065],0.30895373
351,[0.9603319448511132],[0.9763727605179764],[0.9444141689373297],[0.8750315576874527],0.26588926,[0.9397170244518425],[0.96349657693493],[0.9141630901287554],[0.8588709677419355],0.3104355
352,[0.959619494689288],[0.9761823425413976],[0.9348923731065639],[0.8881595556677606],0.26395434,[0.9416040064286534],[0.9648587205323197],[0.9012345679012346],[0.8830645161290323],0.30782348
353,[0.960284433232898],[0.976535304544563],[0.9315858453473133],[0.8972481696541278],0.25990295,[0.9427376305820228],[0.965407523074164],[0.9051546391752577],[0.8850806451612904],0.30855674
354,[0.9597314943647748],[0.9760140509098866],[0.9205382076669205],[0.9154253976268619],0.26187077,[0.9378515669842727],[0.9627427992780934],[0.888],[0.8951612903225806],0.3271887
355,[0.9568066724240887],[0.9743694525924218],[0.9516590389016019],[0.8399394092400909],0.28929666,[0.9371699575249683],[0.9628873841398036],[0.915929203539823],[0.8346774193548387],0.32288188
356,[0.9553771778166014],[0.9734811419371043],[0.8458828709819463],[0.9699570815450643],0.34900647,[0.9309780736999196],[0.9584675526196111],[0.8304195804195804],[0.9576612903225806],0.4434924
